<?xml version="1.0" encoding="UTF-8"?>
<plugin xmlns="http://www.nanoscopy.net/fsplugins">
	<submenu name="Row Averaging">
		<function name="All Image" id="adjscan_in_sel" bitmap="adjsc_big.bmp">
			<annotation>Align image lines to one middle level</annotation>
		</function>
		<function name="Excluding Selected" id="adjscan_by_sel" bitmap="adjscsel_big.bmp">
			<annotation>Align the lines of the image to one average level, calculated without taking into account the selected area</annotation>
		</function>
	</submenu>
  <function name="Distortion Correction" id="dewarp" bitmap="dewarp_big.bmp">
    <annotation>Remove image distortion</annotation>    
  </function>
  <function name="Delete Active Curve" id="removecurve" bitmap="removecurve_big.bmp">
    <annotation>Delete approach and retract curves containing the active</annotation>
  </function>
  <function name="Normalize Force Curve" id="normcurve" bitmap="normcurve_big.bmp">
    <annotation>Convert the force curve to a normalized form (slope to the left, axis zeros at the point of contact)</annotation>
  </function>
  <function name="Separation Curve" id="separcurve" bitmap="separcurve_big.bmp">
    <annotation>Plot force-distance separation curve</annotation>
  </function>
  <function name="WLC Analysis" id="wlcanalysis" bitmap="wlcanalysis_big.bmp">
    <annotation>Find parameters for persistent model</annotation>
  </function>
</plugin>
