<?xml version="1.0" encoding="UTF-8"?>
<plugin xmlns="http://www.nanoscopy.net/fsplugins">
	<submenu name="Усреднение по строкам">
		<function name="Все изображение" id="adjscan_in_sel" bitmap="adjsc_big.bmp">
			<annotation>Выровнять строки изображения по одному среднему уровню</annotation>
		</function>
		<function name="Исключая выбранное" id="adjscan_by_sel" bitmap="adjscsel_big.bmp">
			<annotation>Выровнять строки изображения по одному среднему уровню, рассчитанному без учета выбранного участка</annotation>
		</function>
	</submenu>
  <function name="Исправление искажений" id="dewarp" bitmap="dewarp_big.bmp">
    <annotation>Устранить искажения изображения</annotation>    
  </function>
  <function name="Удалить активную кривую" id="removecurve" bitmap="removecurve_big.bmp">
    <annotation>Удалить кривые подвода и отвода, содержащие активную</annotation>
  </function>
  <function name="Нормализовать силовую кривую" id="normcurve" bitmap="normcurve_big.bmp">
    <annotation>Преобразовать силовую кривую в нормализованный вид (наклон слева, нули осей в точке контакта)</annotation>
  </function>
  <function name="Кривая разделения" id="separcurve" bitmap="separcurve_big.bmp">
    <annotation>Построить кривую разделения сила-расстояние</annotation>
  </function>
  <function name="WLC анализ" id="wlcanalysis" bitmap="wlcanalysis_big.bmp">
    <annotation>Найти параметры для персистентной модели</annotation>
  </function>
</plugin>
