<?xml version="1.0" encoding="utf-8"?>
<plugin xmlns="http://www.nanoscopy.net/fsplugins">
  <function id="ppsect" name="Анализ шероховатости">
    <annotation>Рассчитать параметры шероховатости по сечениям поверхности</annotation>
  </function>
  <function id="curve_roughness" name="Анализ шероховатости">
    <annotation>Рассчитать параметры шероховатости</annotation>
  </function>
  <function id="metrics" name="Анализ выделенных областей">
    <annotation>Рассчитать площадь, объем и дпугие метрики выделенного участка</annotation>
  </function>
  <function id="threshold" name="Пороговая фильтрация" bitmap="threshold_big.bmp">
    <annotation>Применить пороговый фильтр</annotation>
  </function>
  <function id="findslope" name="Высота по интерференционной картине" bitmap="findslope_big.bmp">
    <annotation>Рассчитать крутизну наклона холмика из интерференционной картины</annotation>
  </function>
  <function id="masscenter" name="Найти центр масс">
    <annotation>Найти центр масс выделенного объекта с учетом пространственной геометрии</annotation>
  </function>
  <function id="grain_analysis" name="Анализ объектов" bitmap="grain_analysis.bmp">
    <annotation>Анализ объектов</annotation>
  </function>
  <function id="protvol" name="Объем белка" bitmap="protvol.bmp">
    <annotation>Объем белка</annotation>
  </function>
  <!--<function name="Выделить объекты" id="object_separate" bitmap="objectsep_big.bmp">
    <annotation>Выделение объектов</annotation>
  </function>
  <function name="Выделить зерна" id="grains_separate" bitmap="grainsep_big.bmp">
    <annotation>Выделить зерна</annotation>
  </function>
  <function name="Анализ зерна" id="grains_analyze" bitmap="grainsep_anl.bmp">
    <annotation>Анализировать зерна</annotation>
  </function>
  <function name="Выделить границы" id="detect_edges" bitmap="detectedges_big.bmp">
    <annotation>Выделить границы методом Канни</annotation>
  </function>-->
  <submenu name="Линейные фильтры">
    <function name="Градиент" id="gradient" bitmap="grad_big.bmp">
      <annotation>Применить градиентное преобразование</annotation>
    </function>
    <function name="Лаплас" id="laplace">
      <annotation>Применить фильтр Лапласа 3x3</annotation>
    </function>
    <function name="Гаусс" id="gauss">
      <annotation>Усреднение матрицей Гаусса 3x3</annotation>
    </function>
  </submenu>
  <submenu name="Корреляция">
    <function name="Взаимная корреляция" id="correl_cross"  bitmap="correl.bmp">
      <annotation>Функция взаимной корреляции двух изображений</annotation>
    </function>
    <function name="Автокорреляция" id="correl_self">
      <annotation>Автокорреляционная функция</annotation>
    </function>
    <function name="Найти структурный элемент" id="correl_find_structure">
      <annotation>Поиск структурного элемента</annotation>
    </function>
    <function name="Склейка изображений" id="stitch" bitmap="stitch.bmp">
      <annotation>Склеить полотно из нескольких изображений</annotation>
    </function>
  </submenu>
</plugin>
